ticker,price,rsi,signal
MMM,"Ticker
MMM   NaN
Name: 2026-09-29 00:00:00, dtype: float64","Ticker
    59.91
Name: 2026-09-29 00:00:00, dtype: float64",HOLD
AOS,"Ticker
AOS   NaN
Name: 2026-09-29 00:00:00, dtype: float64","Ticker
    55.24
Name: 2026-09-29 00:00:00, dtype: float64",HOLD
ABT,"Ticker
ABT   NaN
Name: 2026-09-29 00:00:00, dtype: float64","Ticker
    29.86
Name: 2026-09-29 00:00:00, dtype: float64",HOLD
ABBV,"Ticker
ABBV   NaN
Name: 2026-09-29 00:00:00, dtype: float64","Ticker
    91.83
Name: 2026-09-29 00:00:00, dtype: float64",HOLD
ACN,"Ticker
ACN   NaN
Name: 2026-09-29 00:00:00, dtype: float64","Ticker
    48.69
Name: 2026-09-29 00:00:00, dtype: float64",HOLD
ADBE,"Ticker
ADBE   NaN
Name: 2026-09-29 00:00:00, dtype: float64","Ticker
    32.41
Name: 2026-09-29 00:00:00, dtype: float64",HOLD
AMD,"Ticker
AMD   NaN
Name: 2026-09-29 00:00:00, dtype: float64","Ticker
    68.78
Name: 2026-09-29 00:00:00, dtype: float64",HOLD
AES,"Ticker
AES   NaN
Name: 2026-09-29 00:00:00, dtype: float64","Ticker
    63.16
Name: 2026-09-29 00:00:00, dtype: float64",HOLD
AFL,"Ticker
AFL   NaN
Name: 2026-09-29 00:00:00, dtype: float64","Ticker
    43.09
Name: 2026-09-29 00:00:00, dtype: float64",HOLD
A,"Ticker
A   NaN
Name: 2026-09-29 00:00:00, dtype: float64","Ticker
    90.12
Name: 2026-09-29 00:00:00, dtype: float64",HOLD
APD,"Ticker
APD   NaN
Name: 2026-09-29 00:00:00, dtype: float64","Ticker
    29.46
Name: 2026-09-29 00:00:00, dtype: float64",HOLD
ABNB,"Ticker
ABNB   NaN
Name: 2026-09-29 00:00:00, dtype: float64","Ticker
    31.76
Name: 2026-09-29 00:00:00, dtype: float64",HOLD
AKAM,"Ticker
AKAM   NaN
Name: 2026-09-29 00:00:00, dtype: float64","Ticker
    47.9
Name: 2026-09-29 00:00:00, dtype: float64",HOLD
ALB,"Ticker
ALB   NaN
Name: 2026-09-29 00:00:00, dtype: float64","Ticker
    29.43
Name: 2026-09-29 00:00:00, dtype: float64",HOLD
ARE,"Ticker
ARE   NaN
Name: 2026-09-29 00:00:00, dtype: float64","Ticker
    44.86
Name: 2026-09-29 00:00:00, dtype: float64",HOLD
ALGN,"Ticker
ALGN   NaN
Name: 2026-09-29 00:00:00, dtype: float64","Ticker
    38.52
Name: 2026-09-29 00:00:00, dtype: float64",HOLD
ALLE,"Ticker
ALLE   NaN
Name: 2026-09-29 00:00:00, dtype: float64","Ticker
    62.37
Name: 2026-09-29 00:00:00, dtype: float64",HOLD
LNT,"Ticker
LNT   NaN
Name: 2026-09-29 00:00:00, dtype: float64","Ticker
    14.5
Name: 2026-09-29 00:00:00, dtype: float64",HOLD
ALL,"Ticker
ALL   NaN
Name: 2026-09-29 00:00:00, dtype: float64","Ticker
    19.94
Name: 2026-09-29 00:00:00, dtype: float64",HOLD
GOOGL,"Ticker
GOOGL   NaN
Name: 2026-09-29 00:00:00, dtype: float64","Ticker
    59.8
Name: 2026-09-29 00:00:00, dtype: float64",HOLD
GOOG,"Ticker
GOOG   NaN
Name: 2026-09-29 00:00:00, dtype: float64","Ticker
    59.12
Name: 2026-09-29 00:00:00, dtype: float64",HOLD
MO,"Ticker
MO   NaN
Name: 2026-09-29 00:00:00, dtype: float64","Ticker
    70.21
Name: 2026-09-29 00:00:00, dtype: float64",HOLD
AMZN,"Ticker
AMZN   NaN
Name: 2026-09-29 00:00:00, dtype: float64","Ticker
    42.53
Name: 2026-09-29 00:00:00, dtype: float64",HOLD
AMCR,"Ticker
AMCR   NaN
Name: 2026-09-29 00:00:00, dtype: float64","Ticker
    46.99
Name: 2026-09-29 00:00:00, dtype: float64",HOLD
AEE,"Ticker
AEE   NaN
Name: 2026-09-29 00:00:00, dtype: float64","Ticker
    11.89
Name: 2026-09-29 00:00:00, dtype: float64",HOLD
AEP,"Ticker
AEP   NaN
Name: 2026-09-29 00:00:00, dtype: float64","Ticker
    19.45
Name: 2026-09-29 00:00:00, dtype: float64",HOLD
AXP,"Ticker
AXP   NaN
Name: 2026-09-29 00:00:00, dtype: float64","Ticker
    33.99
Name: 2026-09-29 00:00:00, dtype: float64",HOLD
AIG,"Ticker
AIG   NaN
Name: 2026-09-29 00:00:00, dtype: float64","Ticker
    38.32
Name: 2026-09-29 00:00:00, dtype: float64",HOLD
AMT,"Ticker
AMT   NaN
Name: 2026-09-29 00:00:00, dtype: float64","Ticker
    35.01
Name: 2026-09-29 00:00:00, dtype: float64",HOLD
AWK,"Ticker
AWK   NaN
Name: 2026-09-29 00:00:00, dtype: float64","Ticker
    11.54
Name: 2026-09-29 00:00:00, dtype: float64",HOLD
AMP,"Ticker
AMP   NaN
Name: 2026-09-29 00:00:00, dtype: float64","Ticker
    22.78
Name: 2026-09-29 00:00:00, dtype: float64",HOLD
AME,"Ticker
AME   NaN
Name: 2026-09-29 00:00:00, dtype: float64","Ticker
    69.33
Name: 2026-09-29 00:00:00, dtype: float64",HOLD
AMGN,"Ticker
AMGN   NaN
Name: 2026-09-29 00:00:00, dtype: float64","Ticker
    67.95
Name: 2026-09-29 00:00:00, dtype: float64",HOLD
APH,"Ticker
APH   NaN
Name: 2026-09-29 00:00:00, dtype: float64","Ticker
    57.8
Name: 2026-09-29 00:00:00, dtype: float64",HOLD
ADI,"Ticker
ADI   NaN
Name: 2026-09-29 00:00:00, dtype: float64","Ticker
    67.05
Name: 2026-09-29 00:00:00, dtype: float64",HOLD
AON,"Ticker
AON   NaN
Name: 2026-09-29 00:00:00, dtype: float64","Ticker
    22.95
Name: 2026-09-29 00:00:00, dtype: float64",HOLD
APA,"Ticker
APA   NaN
Name: 2026-09-29 00:00:00, dtype: float64","Ticker
    39.89
Name: 2026-09-29 00:00:00, dtype: float64",HOLD
APO,"Ticker
APO   NaN
Name: 2026-09-29 00:00:00, dtype: float64","Ticker
    24.49
Name: 2026-09-29 00:00:00, dtype: float64",HOLD
AAPL,"Ticker
AAPL   NaN
Name: 2026-09-29 00:00:00, dtype: float64","Ticker
    77.93
Name: 2026-09-29 00:00:00, dtype: float64",HOLD
AMAT,"Ticker
AMAT   NaN
Name: 2026-09-29 00:00:00, dtype: float64","Ticker
    56.88
Name: 2026-09-29 00:00:00, dtype: float64",HOLD
APP,"Ticker
APP   NaN
Name: 2026-09-29 00:00:00, dtype: float64","Ticker
    51.6
Name: 2026-09-29 00:00:00, dtype: float64",HOLD
APTV,"Ticker
APTV   NaN
Name: 2026-09-29 00:00:00, dtype: float64","Ticker
    45.38
Name: 2026-09-29 00:00:00, dtype: float64",HOLD
ACGL,"Ticker
ACGL   NaN
Name: 2026-09-29 00:00:00, dtype: float64","Ticker
    40.44
Name: 2026-09-29 00:00:00, dtype: float64",HOLD
ADM,"Ticker
ADM   NaN
Name: 2026-09-29 00:00:00, dtype: float64","Ticker
    26.99
Name: 2026-09-29 00:00:00, dtype: float64",HOLD
ARES,"Ticker
ARES   NaN
Name: 2026-09-29 00:00:00, dtype: float64","Ticker
    24.24
Name: 2026-09-29 00:00:00, dtype: float64",HOLD
ANET,"Ticker
ANET   NaN
Name: 2026-09-29 00:00:00, dtype: float64","Ticker
    61.78
Name: 2026-09-29 00:00:00, dtype: float64",HOLD
AJG,"Ticker
AJG   NaN
Name: 2026-09-29 00:00:00, dtype: float64","Ticker
    34.79
Name: 2026-09-29 00:00:00, dtype: float64",HOLD
AIZ,"Ticker
AIZ   NaN
Name: 2026-09-29 00:00:00, dtype: float64","Ticker
    25.86
Name: 2026-09-29 00:00:00, dtype: float64",HOLD
T,"Ticker
T   NaN
Name: 2026-09-29 00:00:00, dtype: float64","Ticker
    47.03
Name: 2026-09-29 00:00:00, dtype: float64",HOLD
ATO,"Ticker
ATO   NaN
Name: 2026-09-29 00:00:00, dtype: float64","Ticker
    13.08
Name: 2026-09-29 00:00:00, dtype: float64",HOLD
ADSK,"Ticker
ADSK   NaN
Name: 2026-09-29 00:00:00, dtype: float64","Ticker
    50.58
Name: 2026-09-29 00:00:00, dtype: float64",HOLD
ADP,"Ticker
ADP   NaN
Name: 2026-09-29 00:00:00, dtype: float64","Ticker
    47.02
Name: 2026-09-29 00:00:00, dtype: float64",HOLD
AZO,"Ticker
AZO   NaN
Name: 2026-09-29 00:00:00, dtype: float64","Ticker
    50.22
Name: 2026-09-29 00:00:00, dtype: float64",HOLD
AVY,"Ticker
AVY   NaN
Name: 2026-09-29 00:00:00, dtype: float64","Ticker
    55.1
Name: 2026-09-29 00:00:00, dtype: float64",HOLD
AXON,"Ticker
AXON   NaN
Name: 2026-09-29 00:00:00, dtype: float64","Ticker
    30.07
Name: 2026-09-29 00:00:00, dtype: float64",HOLD
BKR,"Ticker
BKR   NaN
Name: 2026-09-29 00:00:00, dtype: float64","Ticker
    23.19
Name: 2026-09-29 00:00:00, dtype: float64",HOLD
BALL,"Ticker
BALL   NaN
Name: 2026-09-29 00:00:00, dtype: float64","Ticker
    29.37
Name: 2026-09-29 00:00:00, dtype: float64",HOLD
BAC,"Ticker
BAC   NaN
Name: 2026-09-29 00:00:00, dtype: float64","Ticker
    13.93
Name: 2026-09-29 00:00:00, dtype: float64",HOLD
BAX,"Ticker
BAX   NaN
Name: 2026-09-29 00:00:00, dtype: float64","Ticker
    35.1
Name: 2026-09-29 00:00:00, dtype: float64",HOLD
BDX,"Ticker
BDX   NaN
Name: 2026-09-29 00:00:00, dtype: float64","Ticker
    57.0
Name: 2026-09-29 00:00:00, dtype: float64",HOLD
BRK-B,"Ticker
BRK-B   NaN
Name: 2026-09-29 00:00:00, dtype: float64","Ticker
    45.66
Name: 2026-09-29 00:00:00, dtype: float64",HOLD
BBY,"Ticker
BBY   NaN
Name: 2026-09-29 00:00:00, dtype: float64","Ticker
    56.61
Name: 2026-09-29 00:00:00, dtype: float64",HOLD
TECH,"Ticker
TECH   NaN
Name: 2026-09-29 00:00:00, dtype: float64","Ticker
    63.54
Name: 2026-09-29 00:00:00, dtype: float64",HOLD
BIIB,"Ticker
BIIB   NaN
Name: 2026-09-29 00:00:00, dtype: float64","Ticker
    79.83
Name: 2026-09-29 00:00:00, dtype: float64",HOLD
BLK,"Ticker
BLK   NaN
Name: 2026-09-29 00:00:00, dtype: float64","Ticker
    49.8
Name: 2026-09-29 00:00:00, dtype: float64",HOLD
BX,"Ticker
BX   NaN
Name: 2026-09-29 00:00:00, dtype: float64","Ticker
    25.78
Name: 2026-09-29 00:00:00, dtype: float64",HOLD
XYZ,"Ticker
XYZ   NaN
Name: 2026-09-29 00:00:00, dtype: float64","Ticker
    28.72
Name: 2026-09-29 00:00:00, dtype: float64",HOLD
BE,"Ticker
BE   NaN
Name: 2026-09-29 00:00:00, dtype: float64","Ticker
    47.92
Name: 2026-09-29 00:00:00, dtype: float64",HOLD
BNY,"Ticker
BNY   NaN
Name: 2026-09-29 00:00:00, dtype: float64","Ticker
    9.73
Name: 2026-09-29 00:00:00, dtype: float64",HOLD
BA,"Ticker
BA   NaN
Name: 2026-09-29 00:00:00, dtype: float64","Ticker
    27.33
Name: 2026-09-29 00:00:00, dtype: float64",HOLD
BKNG,"Ticker
BKNG   NaN
Name: 2026-09-29 00:00:00, dtype: float64","Ticker
    35.4
Name: 2026-09-29 00:00:00, dtype: float64",HOLD
BSX,"Ticker
BSX   NaN
Name: 2026-09-29 00:00:00, dtype: float64","Ticker
    45.13
Name: 2026-09-29 00:00:00, dtype: float64",HOLD
BMY,"Ticker
BMY   NaN
Name: 2026-09-29 00:00:00, dtype: float64","Ticker
    46.39
Name: 2026-09-29 00:00:00, dtype: float64",HOLD
AVGO,"Ticker
AVGO   NaN
Name: 2026-09-29 00:00:00, dtype: float64","Ticker
    40.33
Name: 2026-09-29 00:00:00, dtype: float64",HOLD
BR,"Ticker
BR   NaN
Name: 2026-09-29 00:00:00, dtype: float64","Ticker
    39.56
Name: 2026-09-29 00:00:00, dtype: float64",HOLD
BRO,"Ticker
BRO   NaN
Name: 2026-09-29 00:00:00, dtype: float64","Ticker
    22.77
Name: 2026-09-29 00:00:00, dtype: float64",HOLD
BF-B,"Ticker
BF-B   NaN
Name: 2026-09-29 00:00:00, dtype: float64","Ticker
    48.54
Name: 2026-09-29 00:00:00, dtype: float64",HOLD
BG,"Ticker
BG   NaN
Name: 2026-09-29 00:00:00, dtype: float64","Ticker
    21.26
Name: 2026-09-29 00:00:00, dtype: float64",HOLD
BXP,"Ticker
BXP   NaN
Name: 2026-09-29 00:00:00, dtype: float64","Ticker
    39.38
Name: 2026-09-29 00:00:00, dtype: float64",HOLD
CHRW,"Ticker
CHRW   NaN
Name: 2026-09-29 00:00:00, dtype: float64","Ticker
    44.88
Name: 2026-09-29 00:00:00, dtype: float64",HOLD
CDNS,"Ticker
CDNS   NaN
Name: 2026-09-29 00:00:00, dtype: float64","Ticker
    78.87
Name: 2026-09-29 00:00:00, dtype: float64",HOLD
CPT,"Ticker
CPT   NaN
Name: 2026-09-29 00:00:00, dtype: float64","Ticker
    24.8
Name: 2026-09-29 00:00:00, dtype: float64",HOLD
COF,"Ticker
COF   NaN
Name: 2026-09-29 00:00:00, dtype: float64","Ticker
    26.83
Name: 2026-09-29 00:00:00, dtype: float64",HOLD
CAH,"Ticker
CAH   NaN
Name: 2026-09-29 00:00:00, dtype: float64","Ticker
    8.82
Name: 2026-09-29 00:00:00, dtype: float64",HOLD
CCL,"Ticker
CCL   NaN
Name: 2026-09-29 00:00:00, dtype: float64","Ticker
    41.91
Name: 2026-09-29 00:00:00, dtype: float64",HOLD
CARR,"Ticker
CARR   NaN
Name: 2026-09-29 00:00:00, dtype: float64","Ticker
    39.32
Name: 2026-09-29 00:00:00, dtype: float64",HOLD
CVNA,"Ticker
CVNA   NaN
Name: 2026-09-29 00:00:00, dtype: float64","Ticker
    22.58
Name: 2026-09-29 00:00:00, dtype: float64",HOLD
CASY,"Ticker
CASY   NaN
Name: 2026-09-29 00:00:00, dtype: float64","Ticker
    40.45
Name: 2026-09-29 00:00:00, dtype: float64",HOLD
CAT,"Ticker
CAT   NaN
Name: 2026-09-29 00:00:00, dtype: float64","Ticker
    51.68
Name: 2026-09-29 00:00:00, dtype: float64",HOLD
CBOE,"Ticker
CBOE   NaN
Name: 2026-09-29 00:00:00, dtype: float64","Ticker
    18.86
Name: 2026-09-29 00:00:00, dtype: float64",HOLD
CBRE,"Ticker
CBRE   NaN
Name: 2026-09-29 00:00:00, dtype: float64","Ticker
    31.11
Name: 2026-09-29 00:00:00, dtype: float64",HOLD
CDW,"Ticker
CDW   NaN
Name: 2026-09-29 00:00:00, dtype: float64","Ticker
    35.47
Name: 2026-09-29 00:00:00, dtype: float64",HOLD
COR,"Ticker
COR   NaN
Name: 2026-09-29 00:00:00, dtype: float64","Ticker
    28.56
Name: 2026-09-29 00:00:00, dtype: float64",HOLD
CNC,"Ticker
CNC   NaN
Name: 2026-09-29 00:00:00, dtype: float64","Ticker
    45.17
Name: 2026-09-29 00:00:00, dtype: float64",HOLD
CNP,"Ticker
CNP   NaN
Name: 2026-09-29 00:00:00, dtype: float64","Ticker
    13.79
Name: 2026-09-29 00:00:00, dtype: float64",HOLD
CF,"Ticker
CF   NaN
Name: 2026-09-29 00:00:00, dtype: float64","Ticker
    19.16
Name: 2026-09-29 00:00:00, dtype: float64",HOLD
CRL,"Ticker
CRL   NaN
Name: 2026-09-29 00:00:00, dtype: float64","Ticker
    62.75
Name: 2026-09-29 00:00:00, dtype: float64",HOLD
SCHW,"Ticker
SCHW   NaN
Name: 2026-09-29 00:00:00, dtype: float64","Ticker
    23.25
Name: 2026-09-29 00:00:00, dtype: float64",HOLD
CHTR,"Ticker
CHTR   NaN
Name: 2026-09-29 00:00:00, dtype: float64","Ticker
    26.64
Name: 2026-09-29 00:00:00, dtype: float64",HOLD
CVX,"Ticker
CVX   NaN
Name: 2026-09-29 00:00:00, dtype: float64","Ticker
    38.24
Name: 2026-09-29 00:00:00, dtype: float64",HOLD
CMG,"Ticker
CMG   NaN
Name: 2026-09-29 00:00:00, dtype: float64","Ticker
    21.68
Name: 2026-09-29 00:00:00, dtype: float64",HOLD
CB,"Ticker
CB   NaN
Name: 2026-09-29 00:00:00, dtype: float64","Ticker
    34.13
Name: 2026-09-29 00:00:00, dtype: float64",HOLD
CHD,"Ticker
CHD   NaN
Name: 2026-09-29 00:00:00, dtype: float64","Ticker
    52.8
Name: 2026-09-29 00:00:00, dtype: float64",HOLD
CIEN,"Ticker
CIEN   NaN
Name: 2026-09-29 00:00:00, dtype: float64","Ticker
    52.44
Name: 2026-09-29 00:00:00, dtype: float64",HOLD
CI,"Ticker
CI   NaN
Name: 2026-09-29 00:00:00, dtype: float64","Ticker
    42.7
Name: 2026-09-29 00:00:00, dtype: float64",HOLD
CINF,"Ticker
CINF   NaN
Name: 2026-09-29 00:00:00, dtype: float64","Ticker
    24.35
Name: 2026-09-29 00:00:00, dtype: float64",HOLD
CTAS,"Ticker
CTAS   NaN
Name: 2026-09-29 00:00:00, dtype: float64","Ticker
    50.98
Name: 2026-09-29 00:00:00, dtype: float64",HOLD
CSCO,"Ticker
CSCO   NaN
Name: 2026-09-29 00:00:00, dtype: float64","Ticker
    43.93
Name: 2026-09-29 00:00:00, dtype: float64",HOLD
C,"Ticker
C   NaN
Name: 2026-09-29 00:00:00, dtype: float64","Ticker
    33.6
Name: 2026-09-29 00:00:00, dtype: float64",HOLD
CFG,"Ticker
CFG   NaN
Name: 2026-09-29 00:00:00, dtype: float64","Ticker
    28.22
Name: 2026-09-29 00:00:00, dtype: float64",HOLD
CLX,"Ticker
CLX   NaN
Name: 2026-09-29 00:00:00, dtype: float64","Ticker
    32.69
Name: 2026-09-29 00:00:00, dtype: float64",HOLD
CME,"Ticker
CME   NaN
Name: 2026-09-29 00:00:00, dtype: float64","Ticker
    36.07
Name: 2026-09-29 00:00:00, dtype: float64",HOLD
CMS,"Ticker
CMS   NaN
Name: 2026-09-29 00:00:00, dtype: float64","Ticker
    7.09
Name: 2026-09-29 00:00:00, dtype: float64",HOLD
KO,"Ticker
KO   NaN
Name: 2026-09-29 00:00:00, dtype: float64","Ticker
    51.04
Name: 2026-09-29 00:00:00, dtype: float64",HOLD
CTSH,"Ticker
CTSH   NaN
Name: 2026-09-29 00:00:00, dtype: float64","Ticker
    45.02
Name: 2026-09-29 00:00:00, dtype: float64",HOLD
COHR,"Ticker
COHR   NaN
Name: 2026-09-29 00:00:00, dtype: float64","Ticker
    43.66
Name: 2026-09-29 00:00:00, dtype: float64",HOLD
COIN,"Ticker
COIN   NaN
Name: 2026-09-29 00:00:00, dtype: float64","Ticker
    58.84
Name: 2026-09-29 00:00:00, dtype: float64",HOLD
CL,"Ticker
CL   NaN
Name: 2026-09-29 00:00:00, dtype: float64","Ticker
    41.73
Name: 2026-09-29 00:00:00, dtype: float64",HOLD
CMCSA,"Ticker
CMCSA   NaN
Name: 2026-09-29 00:00:00, dtype: float64","Ticker
    19.96
Name: 2026-09-29 00:00:00, dtype: float64",HOLD
FIX,"Ticker
FIX   NaN
Name: 2026-09-29 00:00:00, dtype: float64","Ticker
    55.39
Name: 2026-09-29 00:00:00, dtype: float64",HOLD
COP,"Ticker
COP   NaN
Name: 2026-09-29 00:00:00, dtype: float64","Ticker
    32.9
Name: 2026-09-29 00:00:00, dtype: float64",HOLD
ED,"Ticker
ED   NaN
Name: 2026-09-29 00:00:00, dtype: float64","Ticker
    25.0
Name: 2026-09-29 00:00:00, dtype: float64",HOLD
STZ,"Ticker
STZ   NaN
Name: 2026-09-29 00:00:00, dtype: float64","Ticker
    26.36
Name: 2026-09-29 00:00:00, dtype: float64",HOLD
CEG,"Ticker
CEG   NaN
Name: 2026-09-29 00:00:00, dtype: float64","Ticker
    22.85
Name: 2026-09-29 00:00:00, dtype: float64",HOLD
COO,"Ticker
COO   NaN
Name: 2026-09-29 00:00:00, dtype: float64","Ticker
    32.29
Name: 2026-09-29 00:00:00, dtype: float64",HOLD
CPRT,"Ticker
CPRT   NaN
Name: 2026-09-29 00:00:00, dtype: float64","Ticker
    21.74
Name: 2026-09-29 00:00:00, dtype: float64",HOLD
GLW,"Ticker
GLW   NaN
Name: 2026-09-29 00:00:00, dtype: float64","Ticker
    36.14
Name: 2026-09-29 00:00:00, dtype: float64",HOLD
CPAY,"Ticker
CPAY   NaN
Name: 2026-09-29 00:00:00, dtype: float64","Ticker
    38.27
Name: 2026-09-29 00:00:00, dtype: float64",HOLD
CTVA,"Ticker
CTVA   NaN
Name: 2026-09-29 00:00:00, dtype: float64","Ticker
    21.67
Name: 2026-09-29 00:00:00, dtype: float64",HOLD
CSGP,"Ticker
CSGP   NaN
Name: 2026-09-29 00:00:00, dtype: float64","Ticker
    32.12
Name: 2026-09-29 00:00:00, dtype: float64",HOLD
COST,"Ticker
COST   NaN
Name: 2026-09-29 00:00:00, dtype: float64","Ticker
    61.61
Name: 2026-09-29 00:00:00, dtype: float64",HOLD
CRH,"Ticker
CRH   NaN
Name: 2026-09-29 00:00:00, dtype: float64","Ticker
    30.25
Name: 2026-09-29 00:00:00, dtype: float64",HOLD
CRWD,"Ticker
CRWD   NaN
Name: 2026-09-29 00:00:00, dtype: float64","Ticker
    77.14
Name: 2026-09-29 00:00:00, dtype: float64",HOLD
CCI,"Ticker
CCI   NaN
Name: 2026-09-29 00:00:00, dtype: float64","Ticker
    22.03
Name: 2026-09-29 00:00:00, dtype: float64",HOLD
CSX,"Ticker
CSX   NaN
Name: 2026-09-29 00:00:00, dtype: float64","Ticker
    34.95
Name: 2026-09-29 00:00:00, dtype: float64",HOLD
CMI,"Ticker
CMI   NaN
Name: 2026-09-29 00:00:00, dtype: float64","Ticker
    26.97
Name: 2026-09-29 00:00:00, dtype: float64",HOLD
CVS,"Ticker
CVS   NaN
Name: 2026-09-29 00:00:00, dtype: float64","Ticker
    28.45
Name: 2026-09-29 00:00:00, dtype: float64",HOLD
DHR,"Ticker
DHR   NaN
Name: 2026-09-29 00:00:00, dtype: float64","Ticker
    81.86
Name: 2026-09-29 00:00:00, dtype: float64",HOLD
DRI,"Ticker
DRI   NaN
Name: 2026-09-29 00:00:00, dtype: float64","Ticker
    37.18
Name: 2026-09-29 00:00:00, dtype: float64",HOLD
DDOG,"Ticker
DDOG   NaN
Name: 2026-09-29 00:00:00, dtype: float64","Ticker
    84.08
Name: 2026-09-29 00:00:00, dtype: float64",HOLD
DVA,"Ticker
DVA   NaN
Name: 2026-09-29 00:00:00, dtype: float64","Ticker
    44.11
Name: 2026-09-29 00:00:00, dtype: float64",HOLD
DECK,"Ticker
DECK   NaN
Name: 2026-09-29 00:00:00, dtype: float64","Ticker
    42.71
Name: 2026-09-29 00:00:00, dtype: float64",HOLD
DE,"Ticker
DE   NaN
Name: 2026-09-29 00:00:00, dtype: float64","Ticker
    56.96
Name: 2026-09-29 00:00:00, dtype: float64",HOLD
DELL,"Ticker
DELL   NaN
Name: 2026-09-29 00:00:00, dtype: float64","Ticker
    51.4
Name: 2026-09-29 00:00:00, dtype: float64",HOLD
DAL,"Ticker
DAL   NaN
Name: 2026-09-29 00:00:00, dtype: float64","Ticker
    65.96
Name: 2026-09-29 00:00:00, dtype: float64",HOLD
DVN,"Ticker
DVN   NaN
Name: 2026-09-29 00:00:00, dtype: float64","Ticker
    42.42
Name: 2026-09-29 00:00:00, dtype: float64",HOLD
DXCM,"Ticker
DXCM   NaN
Name: 2026-09-29 00:00:00, dtype: float64","Ticker
    61.73
Name: 2026-09-29 00:00:00, dtype: float64",HOLD
FANG,"Ticker
FANG   NaN
Name: 2026-09-29 00:00:00, dtype: float64","Ticker
    32.55
Name: 2026-09-29 00:00:00, dtype: float64",HOLD
DLR,"Ticker
DLR   NaN
Name: 2026-09-29 00:00:00, dtype: float64","Ticker
    36.07
Name: 2026-09-29 00:00:00, dtype: float64",HOLD
DG,"Ticker
DG   NaN
Name: 2026-09-29 00:00:00, dtype: float64","Ticker
    49.62
Name: 2026-09-29 00:00:00, dtype: float64",HOLD
DLTR,"Ticker
DLTR   NaN
Name: 2026-09-29 00:00:00, dtype: float64","Ticker
    44.3
Name: 2026-09-29 00:00:00, dtype: float64",HOLD
D,"Ticker
D   NaN
Name: 2026-09-29 00:00:00, dtype: float64","Ticker
    16.25
Name: 2026-09-29 00:00:00, dtype: float64",HOLD
DPZ,"Ticker
DPZ   NaN
Name: 2026-09-29 00:00:00, dtype: float64","Ticker
    26.34
Name: 2026-09-29 00:00:00, dtype: float64",HOLD
DASH,"Ticker
DASH   NaN
Name: 2026-09-29 00:00:00, dtype: float64","Ticker
    29.0
Name: 2026-09-29 00:00:00, dtype: float64",HOLD
DOV,"Ticker
DOV   NaN
Name: 2026-09-29 00:00:00, dtype: float64","Ticker
    50.16
Name: 2026-09-29 00:00:00, dtype: float64",HOLD
DOW,"Ticker
DOW   NaN
Name: 2026-09-29 00:00:00, dtype: float64","Ticker
    35.62
Name: 2026-09-29 00:00:00, dtype: float64",HOLD
DHI,"Ticker
DHI   NaN
Name: 2026-09-29 00:00:00, dtype: float64","Ticker
    50.88
Name: 2026-09-29 00:00:00, dtype: float64",HOLD
DTE,"Ticker
DTE   NaN
Name: 2026-09-29 00:00:00, dtype: float64","Ticker
    3.69
Name: 2026-09-29 00:00:00, dtype: float64",HOLD
DUK,"Ticker
DUK   NaN
Name: 2026-09-29 00:00:00, dtype: float64","Ticker
    11.17
Name: 2026-09-29 00:00:00, dtype: float64",HOLD
DD,"Ticker
DD   NaN
Name: 2026-09-29 00:00:00, dtype: float64","Ticker
    59.63
Name: 2026-09-29 00:00:00, dtype: float64",HOLD
ETN,"Ticker
ETN   NaN
Name: 2026-09-29 00:00:00, dtype: float64","Ticker
    56.81
Name: 2026-09-29 00:00:00, dtype: float64",HOLD
EBAY,"Ticker
EBAY   NaN
Name: 2026-09-29 00:00:00, dtype: float64","Ticker
    60.03
Name: 2026-09-29 00:00:00, dtype: float64",HOLD
ECHO,"Ticker
ECHO   NaN
Name: 2026-09-29 00:00:00, dtype: float64","Ticker
    43.09
Name: 2026-09-29 00:00:00, dtype: float64",HOLD
ECL,"Ticker
ECL   NaN
Name: 2026-09-29 00:00:00, dtype: float64","Ticker
    67.74
Name: 2026-09-29 00:00:00, dtype: float64",HOLD
EIX,"Ticker
EIX   NaN
Name: 2026-09-29 00:00:00, dtype: float64","Ticker
    15.01
Name: 2026-09-29 00:00:00, dtype: float64",HOLD
EW,"Ticker
EW   NaN
Name: 2026-09-29 00:00:00, dtype: float64","Ticker
    52.39
Name: 2026-09-29 00:00:00, dtype: float64",HOLD
ELV,"Ticker
ELV   NaN
Name: 2026-09-29 00:00:00, dtype: float64","Ticker
    49.53
Name: 2026-09-29 00:00:00, dtype: float64",HOLD
EME,"Ticker
EME   NaN
Name: 2026-09-29 00:00:00, dtype: float64","Ticker
    53.86
Name: 2026-09-29 00:00:00, dtype: float64",HOLD
EMR,"Ticker
EMR   NaN
Name: 2026-09-29 00:00:00, dtype: float64","Ticker
    67.6
Name: 2026-09-29 00:00:00, dtype: float64",HOLD
ETR,"Ticker
ETR   NaN
Name: 2026-09-29 00:00:00, dtype: float64","Ticker
    11.79
Name: 2026-09-29 00:00:00, dtype: float64",HOLD
EOG,"Ticker
EOG   NaN
Name: 2026-09-29 00:00:00, dtype: float64","Ticker
    38.75
Name: 2026-09-29 00:00:00, dtype: float64",HOLD
EQT,"Ticker
EQT   NaN
Name: 2026-09-29 00:00:00, dtype: float64","Ticker
    24.02
Name: 2026-09-29 00:00:00, dtype: float64",HOLD
EFX,"Ticker
EFX   NaN
Name: 2026-09-29 00:00:00, dtype: float64","Ticker
    16.33
Name: 2026-09-29 00:00:00, dtype: float64",HOLD
EQIX,"Ticker
EQIX   NaN
Name: 2026-09-29 00:00:00, dtype: float64","Ticker
    41.84
Name: 2026-09-29 00:00:00, dtype: float64",HOLD
ERIE,"Ticker
ERIE   NaN
Name: 2026-09-29 00:00:00, dtype: float64","Ticker
    30.67
Name: 2026-09-29 00:00:00, dtype: float64",HOLD
ESS,"Ticker
ESS   NaN
Name: 2026-09-29 00:00:00, dtype: float64","Ticker
    47.04
Name: 2026-09-29 00:00:00, dtype: float64",HOLD
EL,"Ticker
EL   NaN
Name: 2026-09-29 00:00:00, dtype: float64","Ticker
    42.93
Name: 2026-09-29 00:00:00, dtype: float64",HOLD
EG,"Ticker
EG   NaN
Name: 2026-09-29 00:00:00, dtype: float64","Ticker
    53.01
Name: 2026-09-29 00:00:00, dtype: float64",HOLD
EVRG,"Ticker
EVRG   NaN
Name: 2026-09-29 00:00:00, dtype: float64","Ticker
    23.18
Name: 2026-09-29 00:00:00, dtype: float64",HOLD
P,"Ticker
P   NaN
Name: 2026-09-29 00:00:00, dtype: float64","Ticker
    79.36
Name: 2026-09-29 00:00:00, dtype: float64",HOLD
ES,"Ticker
ES   NaN
Name: 2026-09-29 00:00:00, dtype: float64","Ticker
    17.84
Name: 2026-09-29 00:00:00, dtype: float64",HOLD
EXC,"Ticker
EXC   NaN
Name: 2026-09-29 00:00:00, dtype: float64","Ticker
    12.78
Name: 2026-09-29 00:00:00, dtype: float64",HOLD
EXE,"Ticker
EXE   NaN
Name: 2026-09-29 00:00:00, dtype: float64","Ticker
    16.68
Name: 2026-09-29 00:00:00, dtype: float64",HOLD
EXPE,"Ticker
EXPE   NaN
Name: 2026-09-29 00:00:00, dtype: float64","Ticker
    43.36
Name: 2026-09-29 00:00:00, dtype: float64",HOLD
EXPD,"Ticker
EXPD   NaN
Name: 2026-09-29 00:00:00, dtype: float64","Ticker
    50.48
Name: 2026-09-29 00:00:00, dtype: float64",HOLD
EXR,"Ticker
EXR   NaN
Name: 2026-09-29 00:00:00, dtype: float64","Ticker
    43.68
Name: 2026-09-29 00:00:00, dtype: float64",HOLD
XOM,"Ticker
XOM   NaN
Name: 2026-09-29 00:00:00, dtype: float64","Ticker
    46.68
Name: 2026-09-29 00:00:00, dtype: float64",HOLD
FFIV,"Ticker
FFIV   NaN
Name: 2026-09-29 00:00:00, dtype: float64","Ticker
    64.83
Name: 2026-09-29 00:00:00, dtype: float64",HOLD
FDS,"Ticker
FDS   NaN
Name: 2026-09-29 00:00:00, dtype: float64","Ticker
    41.94
Name: 2026-09-29 00:00:00, dtype: float64",HOLD
FICO,"Ticker
FICO   NaN
Name: 2026-09-29 00:00:00, dtype: float64","Ticker
    21.31
Name: 2026-09-29 00:00:00, dtype: float64",HOLD
FAST,"Ticker
FAST   NaN
Name: 2026-09-29 00:00:00, dtype: float64","Ticker
    71.36
Name: 2026-09-29 00:00:00, dtype: float64",HOLD
FRT,"Ticker
FRT   NaN
Name: 2026-09-29 00:00:00, dtype: float64","Ticker
    16.39
Name: 2026-09-29 00:00:00, dtype: float64",HOLD
FDX,"Ticker
FDX   NaN
Name: 2026-09-29 00:00:00, dtype: float64","Ticker
    33.73
Name: 2026-09-29 00:00:00, dtype: float64",HOLD
FDXF,"Ticker
FDXF   NaN
Name: 2026-09-29 00:00:00, dtype: float64","Ticker
    27.58
Name: 2026-09-29 00:00:00, dtype: float64",HOLD
FERG,"Ticker
FERG   NaN
Name: 2026-09-29 00:00:00, dtype: float64","Ticker
    57.52
Name: 2026-09-29 00:00:00, dtype: float64",HOLD
FIS,"Ticker
FIS   NaN
Name: 2026-09-29 00:00:00, dtype: float64","Ticker
    21.8
Name: 2026-09-29 00:00:00, dtype: float64",HOLD
FITB,"Ticker
FITB   NaN
Name: 2026-09-29 00:00:00, dtype: float64","Ticker
    33.75
Name: 2026-09-29 00:00:00, dtype: float64",HOLD
FSLR,"Ticker
FSLR   NaN
Name: 2026-09-29 00:00:00, dtype: float64","Ticker
    31.83
Name: 2026-09-29 00:00:00, dtype: float64",HOLD
FE,"Ticker
FE   NaN
Name: 2026-09-29 00:00:00, dtype: float64","Ticker
    12.82
Name: 2026-09-29 00:00:00, dtype: float64",HOLD
FISV,"Ticker
FISV   NaN
Name: 2026-09-29 00:00:00, dtype: float64","Ticker
    36.23
Name: 2026-09-29 00:00:00, dtype: float64",HOLD
FLEX,"Ticker
FLEX   NaN
Name: 2026-09-29 00:00:00, dtype: float64","Ticker
    50.53
Name: 2026-09-29 00:00:00, dtype: float64",HOLD
F,"Ticker
F   NaN
Name: 2026-09-29 00:00:00, dtype: float64","Ticker
    31.23
Name: 2026-09-29 00:00:00, dtype: float64",HOLD
FTNT,"Ticker
FTNT   NaN
Name: 2026-09-29 00:00:00, dtype: float64","Ticker
    71.79
Name: 2026-09-29 00:00:00, dtype: float64",HOLD
FTV,"Ticker
FTV   NaN
Name: 2026-09-29 00:00:00, dtype: float64","Ticker
    49.68
Name: 2026-09-29 00:00:00, dtype: float64",HOLD
FOXA,"Ticker
FOXA   NaN
Name: 2026-09-29 00:00:00, dtype: float64","Ticker
    46.3
Name: 2026-09-29 00:00:00, dtype: float64",HOLD
FOX,"Ticker
FOX   NaN
Name: 2026-09-29 00:00:00, dtype: float64","Ticker
    47.09
Name: 2026-09-29 00:00:00, dtype: float64",HOLD
BEN,"Ticker
BEN   NaN
Name: 2026-09-29 00:00:00, dtype: float64","Ticker
    33.41
Name: 2026-09-29 00:00:00, dtype: float64",HOLD
FCX,"Ticker
FCX   NaN
Name: 2026-09-29 00:00:00, dtype: float64","Ticker
    35.8
Name: 2026-09-29 00:00:00, dtype: float64",HOLD
GRMN,"Ticker
GRMN   NaN
Name: 2026-09-29 00:00:00, dtype: float64","Ticker
    77.21
Name: 2026-09-29 00:00:00, dtype: float64",HOLD
IT,"Ticker
IT   NaN
Name: 2026-09-29 00:00:00, dtype: float64","Ticker
    63.95
Name: 2026-09-29 00:00:00, dtype: float64",HOLD
GE,"Ticker
GE   NaN
Name: 2026-09-29 00:00:00, dtype: float64","Ticker
    42.41
Name: 2026-09-29 00:00:00, dtype: float64",HOLD
GEHC,"Ticker
GEHC   NaN
Name: 2026-09-29 00:00:00, dtype: float64","Ticker
    62.2
Name: 2026-09-29 00:00:00, dtype: float64",HOLD
GEV,"Ticker
GEV   NaN
Name: 2026-09-29 00:00:00, dtype: float64","Ticker
    49.73
Name: 2026-09-29 00:00:00, dtype: float64",HOLD
GEN,"Ticker
GEN   NaN
Name: 2026-09-29 00:00:00, dtype: float64","Ticker
    14.33
Name: 2026-09-29 00:00:00, dtype: float64",HOLD
GNRC,"Ticker
GNRC   NaN
Name: 2026-09-29 00:00:00, dtype: float64","Ticker
    61.81
Name: 2026-09-29 00:00:00, dtype: float64",HOLD
GD,"Ticker
GD   NaN
Name: 2026-09-29 00:00:00, dtype: float64","Ticker
    24.1
Name: 2026-09-29 00:00:00, dtype: float64",HOLD
GIS,"Ticker
GIS   NaN
Name: 2026-09-29 00:00:00, dtype: float64","Ticker
    21.99
Name: 2026-09-29 00:00:00, dtype: float64",HOLD
GM,"Ticker
GM   NaN
Name: 2026-09-29 00:00:00, dtype: float64","Ticker
    43.46
Name: 2026-09-29 00:00:00, dtype: float64",HOLD
GPC,"Ticker
GPC   NaN
Name: 2026-09-29 00:00:00, dtype: float64","Ticker
    27.51
Name: 2026-09-29 00:00:00, dtype: float64",HOLD
GILD,"Ticker
GILD   NaN
Name: 2026-09-29 00:00:00, dtype: float64","Ticker
    69.69
Name: 2026-09-29 00:00:00, dtype: float64",HOLD
GPN,"Ticker
GPN   NaN
Name: 2026-09-29 00:00:00, dtype: float64","Ticker
    42.78
Name: 2026-09-29 00:00:00, dtype: float64",HOLD
GL,"Ticker
GL   NaN
Name: 2026-09-29 00:00:00, dtype: float64","Ticker
    37.37
Name: 2026-09-29 00:00:00, dtype: float64",HOLD
GDDY,"Ticker
GDDY   NaN
Name: 2026-09-29 00:00:00, dtype: float64","Ticker
    50.12
Name: 2026-09-29 00:00:00, dtype: float64",HOLD
GS,"Ticker
GS   NaN
Name: 2026-09-29 00:00:00, dtype: float64","Ticker
    24.13
Name: 2026-09-29 00:00:00, dtype: float64",HOLD
HAL,"Ticker
HAL   NaN
Name: 2026-09-29 00:00:00, dtype: float64","Ticker
    12.93
Name: 2026-09-29 00:00:00, dtype: float64",HOLD
HIG,"Ticker
HIG   NaN
Name: 2026-09-29 00:00:00, dtype: float64","Ticker
    19.2
Name: 2026-09-29 00:00:00, dtype: float64",HOLD
HAS,"Ticker
HAS   NaN
Name: 2026-09-29 00:00:00, dtype: float64","Ticker
    52.22
Name: 2026-09-29 00:00:00, dtype: float64",HOLD
HCA,"Ticker
HCA   NaN
Name: 2026-09-29 00:00:00, dtype: float64","Ticker
    59.13
Name: 2026-09-29 00:00:00, dtype: float64",HOLD
DOC,"Ticker
DOC   NaN
Name: 2026-09-29 00:00:00, dtype: float64","Ticker
    45.47
Name: 2026-09-29 00:00:00, dtype: float64",HOLD
HSIC,"Ticker
HSIC   NaN
Name: 2026-09-29 00:00:00, dtype: float64","Ticker
    42.42
Name: 2026-09-29 00:00:00, dtype: float64",HOLD
HSY,"Ticker
HSY   NaN
Name: 2026-09-29 00:00:00, dtype: float64","Ticker
    27.87
Name: 2026-09-29 00:00:00, dtype: float64",HOLD
HPE,"Ticker
HPE   NaN
Name: 2026-09-29 00:00:00, dtype: float64","Ticker
    56.85
Name: 2026-09-29 00:00:00, dtype: float64",HOLD
HLT,"Ticker
HLT   NaN
Name: 2026-09-29 00:00:00, dtype: float64","Ticker
    69.87
Name: 2026-09-29 00:00:00, dtype: float64",HOLD
HD,"Ticker
HD   NaN
Name: 2026-09-29 00:00:00, dtype: float64","Ticker
    29.16
Name: 2026-09-29 00:00:00, dtype: float64",HOLD
HONA,"Ticker
HONA   NaN
Name: 2026-09-29 00:00:00, dtype: float64","Ticker
    50.7
Name: 2026-09-29 00:00:00, dtype: float64",HOLD
HON,"Ticker
HON   NaN
Name: 2026-09-29 00:00:00, dtype: float64","Ticker
    66.42
Name: 2026-09-29 00:00:00, dtype: float64",HOLD
HRL,"Ticker
HRL   NaN
Name: 2026-09-29 00:00:00, dtype: float64","Ticker
    29.51
Name: 2026-09-29 00:00:00, dtype: float64",HOLD
HST,"Ticker
HST   NaN
Name: 2026-09-29 00:00:00, dtype: float64","Ticker
    63.6
Name: 2026-09-29 00:00:00, dtype: float64",HOLD
HWM,"Ticker
HWM   NaN
Name: 2026-09-29 00:00:00, dtype: float64","Ticker
    44.01
Name: 2026-09-29 00:00:00, dtype: float64",HOLD
HPQ,"Ticker
HPQ   NaN
Name: 2026-09-29 00:00:00, dtype: float64","Ticker
    45.45
Name: 2026-09-29 00:00:00, dtype: float64",HOLD
HUBB,"Ticker
HUBB    459.09
Name: 2026-09-29 00:00:00, dtype: float64","Ticker
    53.03
Name: 2026-09-29 00:00:00, dtype: float64",HOLD
HUM,"Ticker
HUM   NaN
Name: 2026-09-29 00:00:00, dtype: float64","Ticker
    43.9
Name: 2026-09-29 00:00:00, dtype: float64",HOLD
HBAN,"Ticker
HBAN   NaN
Name: 2026-09-29 00:00:00, dtype: float64","Ticker
    30.76
Name: 2026-09-29 00:00:00, dtype: float64",HOLD
HII,"Ticker
HII   NaN
Name: 2026-09-29 00:00:00, dtype: float64","Ticker
    13.45
Name: 2026-09-29 00:00:00, dtype: float64",HOLD
IBM,"Ticker
IBM   NaN
Name: 2026-09-29 00:00:00, dtype: float64","Ticker
    33.23
Name: 2026-09-29 00:00:00, dtype: float64",HOLD
IEX,"Ticker
IEX   NaN
Name: 2026-09-29 00:00:00, dtype: float64","Ticker
    62.16
Name: 2026-09-29 00:00:00, dtype: float64",HOLD
IDXX,"Ticker
IDXX   NaN
Name: 2026-09-29 00:00:00, dtype: float64","Ticker
    60.48
Name: 2026-09-29 00:00:00, dtype: float64",HOLD
ITW,"Ticker
ITW   NaN
Name: 2026-09-29 00:00:00, dtype: float64","Ticker
    73.56
Name: 2026-09-29 00:00:00, dtype: float64",HOLD
ILMN,"Ticker
ILMN   NaN
Name: 2026-09-29 00:00:00, dtype: float64","Ticker
    85.26
Name: 2026-09-29 00:00:00, dtype: float64",HOLD
INCY,"Ticker
INCY   NaN
Name: 2026-09-29 00:00:00, dtype: float64","Ticker
    47.14
Name: 2026-09-29 00:00:00, dtype: float64",HOLD
IR,"Ticker
IR   NaN
Name: 2026-09-29 00:00:00, dtype: float64","Ticker
    62.07
Name: 2026-09-29 00:00:00, dtype: float64",HOLD
PODD,"Ticker
PODD   NaN
Name: 2026-09-29 00:00:00, dtype: float64","Ticker
    40.26
Name: 2026-09-29 00:00:00, dtype: float64",HOLD
INTC,"Ticker
INTC   NaN
Name: 2026-09-29 00:00:00, dtype: float64","Ticker
    58.31
Name: 2026-09-29 00:00:00, dtype: float64",HOLD
IBKR,"Ticker
IBKR   NaN
Name: 2026-09-29 00:00:00, dtype: float64","Ticker
    42.02
Name: 2026-09-29 00:00:00, dtype: float64",HOLD
ICE,"Ticker
ICE   NaN
Name: 2026-09-29 00:00:00, dtype: float64","Ticker
    42.03
Name: 2026-09-29 00:00:00, dtype: float64",HOLD
IFF,"Ticker
IFF   NaN
Name: 2026-09-29 00:00:00, dtype: float64","Ticker
    62.66
Name: 2026-09-29 00:00:00, dtype: float64",HOLD
IP,"Ticker
IP   NaN
Name: 2026-09-29 00:00:00, dtype: float64","Ticker
    45.11
Name: 2026-09-29 00:00:00, dtype: float64",HOLD
INTU,"Ticker
INTU   NaN
Name: 2026-09-29 00:00:00, dtype: float64","Ticker
    27.54
Name: 2026-09-29 00:00:00, dtype: float64",HOLD
ISRG,"Ticker
ISRG   NaN
Name: 2026-09-29 00:00:00, dtype: float64","Ticker
    93.54
Name: 2026-09-29 00:00:00, dtype: float64",HOLD
IVZ,"Ticker
IVZ   NaN
Name: 2026-09-29 00:00:00, dtype: float64","Ticker
    34.74
Name: 2026-09-29 00:00:00, dtype: float64",HOLD
INVH,"Ticker
INVH   NaN
Name: 2026-09-29 00:00:00, dtype: float64","Ticker
    20.12
Name: 2026-09-29 00:00:00, dtype: float64",HOLD
IQV,"Ticker
IQV   NaN
Name: 2026-09-29 00:00:00, dtype: float64","Ticker
    69.71
Name: 2026-09-29 00:00:00, dtype: float64",HOLD
IRM,"Ticker
IRM   NaN
Name: 2026-09-29 00:00:00, dtype: float64","Ticker
    42.43
Name: 2026-09-29 00:00:00, dtype: float64",HOLD
JBHT,"Ticker
JBHT   NaN
Name: 2026-09-29 00:00:00, dtype: float64","Ticker
    17.29
Name: 2026-09-29 00:00:00, dtype: float64",HOLD
JBL,"Ticker
JBL   NaN
Name: 2026-09-29 00:00:00, dtype: float64","Ticker
    55.26
Name: 2026-09-29 00:00:00, dtype: float64",HOLD
JKHY,"Ticker
JKHY   NaN
Name: 2026-09-29 00:00:00, dtype: float64","Ticker
    34.02
Name: 2026-09-29 00:00:00, dtype: float64",HOLD
J,"Ticker
J   NaN
Name: 2026-09-29 00:00:00, dtype: float64","Ticker
    41.67
Name: 2026-09-29 00:00:00, dtype: float64",HOLD
JNJ,"Ticker
JNJ   NaN
Name: 2026-09-29 00:00:00, dtype: float64","Ticker
    74.42
Name: 2026-09-29 00:00:00, dtype: float64",HOLD
JCI,"Ticker
JCI   NaN
Name: 2026-09-29 00:00:00, dtype: float64","Ticker
    57.34
Name: 2026-09-29 00:00:00, dtype: float64",HOLD
JPM,"Ticker
JPM   NaN
Name: 2026-09-29 00:00:00, dtype: float64","Ticker
    30.08
Name: 2026-09-29 00:00:00, dtype: float64",HOLD
KVUE,"Ticker
KVUE   NaN
Name: 2026-09-29 00:00:00, dtype: float64","Ticker
    64.68
Name: 2026-09-29 00:00:00, dtype: float64",HOLD
KDP,"Ticker
KDP   NaN
Name: 2026-09-29 00:00:00, dtype: float64","Ticker
    46.63
Name: 2026-09-29 00:00:00, dtype: float64",HOLD
KEY,"Ticker
KEY   NaN
Name: 2026-09-29 00:00:00, dtype: float64","Ticker
    28.2
Name: 2026-09-29 00:00:00, dtype: float64",HOLD
KEYS,"Ticker
KEYS   NaN
Name: 2026-09-29 00:00:00, dtype: float64","Ticker
    65.15
Name: 2026-09-29 00:00:00, dtype: float64",HOLD
KMB,"Ticker
KMB   NaN
Name: 2026-09-29 00:00:00, dtype: float64","Ticker
    50.47
Name: 2026-09-29 00:00:00, dtype: float64",HOLD
KIM,"Ticker
KIM   NaN
Name: 2026-09-29 00:00:00, dtype: float64","Ticker
    18.97
Name: 2026-09-29 00:00:00, dtype: float64",HOLD
KMI,"Ticker
KMI   NaN
Name: 2026-09-29 00:00:00, dtype: float64","Ticker
    38.53
Name: 2026-09-29 00:00:00, dtype: float64",HOLD
KKR,"Ticker
KKR   NaN
Name: 2026-09-29 00:00:00, dtype: float64","Ticker
    27.1
Name: 2026-09-29 00:00:00, dtype: float64",HOLD
KLAC,"Ticker
KLAC   NaN
Name: 2026-09-29 00:00:00, dtype: float64","Ticker
    56.7
Name: 2026-09-29 00:00:00, dtype: float64",HOLD
KHC,"Ticker
KHC   NaN
Name: 2026-09-29 00:00:00, dtype: float64","Ticker
    29.25
Name: 2026-09-29 00:00:00, dtype: float64",HOLD
KR,"Ticker
KR   NaN
Name: 2026-09-29 00:00:00, dtype: float64","Ticker
    62.67
Name: 2026-09-29 00:00:00, dtype: float64",HOLD
LHX,"Ticker
LHX   NaN
Name: 2026-09-29 00:00:00, dtype: float64","Ticker
    22.52
Name: 2026-09-29 00:00:00, dtype: float64",HOLD
LH,"Ticker
LH   NaN
Name: 2026-09-29 00:00:00, dtype: float64","Ticker
    40.15
Name: 2026-09-29 00:00:00, dtype: float64",HOLD
LRCX,"Ticker
LRCX   NaN
Name: 2026-09-29 00:00:00, dtype: float64","Ticker
    49.49
Name: 2026-09-29 00:00:00, dtype: float64",HOLD
LVS,"Ticker
LVS   NaN
Name: 2026-09-29 00:00:00, dtype: float64","Ticker
    13.6
Name: 2026-09-29 00:00:00, dtype: float64",HOLD
LDOS,"Ticker
LDOS   NaN
Name: 2026-09-29 00:00:00, dtype: float64","Ticker
    38.76
Name: 2026-09-29 00:00:00, dtype: float64",HOLD
LEN,"Ticker
LEN   NaN
Name: 2026-09-29 00:00:00, dtype: float64","Ticker
    53.12
Name: 2026-09-29 00:00:00, dtype: float64",HOLD
LII,"Ticker
LII   NaN
Name: 2026-09-29 00:00:00, dtype: float64","Ticker
    41.97
Name: 2026-09-29 00:00:00, dtype: float64",HOLD
LLY,"Ticker
LLY   NaN
Name: 2026-09-29 00:00:00, dtype: float64","Ticker
    75.19
Name: 2026-09-29 00:00:00, dtype: float64",HOLD
LIN,"Ticker
LIN   NaN
Name: 2026-09-29 00:00:00, dtype: float64","Ticker
    56.76
Name: 2026-09-29 00:00:00, dtype: float64",HOLD
LYV,"Ticker
LYV   NaN
Name: 2026-09-29 00:00:00, dtype: float64","Ticker
    56.59
Name: 2026-09-29 00:00:00, dtype: float64",HOLD
LMT,"Ticker
LMT   NaN
Name: 2026-09-29 00:00:00, dtype: float64","Ticker
    44.13
Name: 2026-09-29 00:00:00, dtype: float64",HOLD
L,"Ticker
L   NaN
Name: 2026-09-29 00:00:00, dtype: float64","Ticker
    17.22
Name: 2026-09-29 00:00:00, dtype: float64",HOLD
LOW,"Ticker
LOW   NaN
Name: 2026-09-29 00:00:00, dtype: float64","Ticker
    29.01
Name: 2026-09-29 00:00:00, dtype: float64",HOLD
LULU,"Ticker
LULU   NaN
Name: 2026-09-29 00:00:00, dtype: float64","Ticker
    51.78
Name: 2026-09-29 00:00:00, dtype: float64",HOLD
LITE,"Ticker
LITE   NaN
Name: 2026-09-29 00:00:00, dtype: float64","Ticker
    41.18
Name: 2026-09-29 00:00:00, dtype: float64",HOLD
LYB,"Ticker
LYB   NaN
Name: 2026-09-29 00:00:00, dtype: float64","Ticker
    27.29
Name: 2026-09-29 00:00:00, dtype: float64",HOLD
MTB,"Ticker
MTB   NaN
Name: 2026-09-29 00:00:00, dtype: float64","Ticker
    19.6
Name: 2026-09-29 00:00:00, dtype: float64",HOLD
MPC,"Ticker
MPC   NaN
Name: 2026-09-29 00:00:00, dtype: float64","Ticker
    44.13
Name: 2026-09-29 00:00:00, dtype: float64",HOLD
MAR,"Ticker
MAR   NaN
Name: 2026-09-29 00:00:00, dtype: float64","Ticker
    79.94
Name: 2026-09-29 00:00:00, dtype: float64",HOLD
MRSH,"Ticker
MRSH   NaN
Name: 2026-09-29 00:00:00, dtype: float64","Ticker
    30.21
Name: 2026-09-29 00:00:00, dtype: float64",HOLD
MLM,"Ticker
MLM   NaN
Name: 2026-09-29 00:00:00, dtype: float64","Ticker
    42.2
Name: 2026-09-29 00:00:00, dtype: float64",HOLD
MRVL,"Ticker
MRVL   NaN
Name: 2026-09-29 00:00:00, dtype: float64","Ticker
    58.94
Name: 2026-09-29 00:00:00, dtype: float64",HOLD
MAS,"Ticker
MAS   NaN
Name: 2026-09-29 00:00:00, dtype: float64","Ticker
    45.78
Name: 2026-09-29 00:00:00, dtype: float64",HOLD
MA,"Ticker
MA   NaN
Name: 2026-09-29 00:00:00, dtype: float64","Ticker
    50.81
Name: 2026-09-29 00:00:00, dtype: float64",HOLD
MKC,"Ticker
MKC   NaN
Name: 2026-09-29 00:00:00, dtype: float64","Ticker
    26.91
Name: 2026-09-29 00:00:00, dtype: float64",HOLD
MCD,"Ticker
MCD   NaN
Name: 2026-09-29 00:00:00, dtype: float64","Ticker
    21.39
Name: 2026-09-29 00:00:00, dtype: float64",HOLD
MCK,"Ticker
MCK   NaN
Name: 2026-09-29 00:00:00, dtype: float64","Ticker
    36.25
Name: 2026-09-29 00:00:00, dtype: float64",HOLD
MDT,"Ticker
MDT   NaN
Name: 2026-09-29 00:00:00, dtype: float64","Ticker
    42.56
Name: 2026-09-29 00:00:00, dtype: float64",HOLD
MRK,"Ticker
MRK   NaN
Name: 2026-09-29 00:00:00, dtype: float64","Ticker
    56.25
Name: 2026-09-29 00:00:00, dtype: float64",HOLD
META,"Ticker
META   NaN
Name: 2026-09-29 00:00:00, dtype: float64","Ticker
    62.62
Name: 2026-09-29 00:00:00, dtype: float64",HOLD
MET,"Ticker
MET   NaN
Name: 2026-09-29 00:00:00, dtype: float64","Ticker
    50.74
Name: 2026-09-29 00:00:00, dtype: float64",HOLD
MTD,"Ticker
MTD   NaN
Name: 2026-09-29 00:00:00, dtype: float64","Ticker
    87.35
Name: 2026-09-29 00:00:00, dtype: float64",HOLD
MGM,"Ticker
MGM   NaN
Name: 2026-09-29 00:00:00, dtype: float64","Ticker
    10.43
Name: 2026-09-29 00:00:00, dtype: float64",HOLD
MCHP,"Ticker
MCHP   NaN
Name: 2026-09-29 00:00:00, dtype: float64","Ticker
    61.95
Name: 2026-09-29 00:00:00, dtype: float64",HOLD
MU,"Ticker
MU   NaN
Name: 2026-09-29 00:00:00, dtype: float64","Ticker
    53.84
Name: 2026-09-29 00:00:00, dtype: float64",HOLD
MSFT,"Ticker
MSFT   NaN
Name: 2026-09-29 00:00:00, dtype: float64","Ticker
    60.69
Name: 2026-09-29 00:00:00, dtype: float64",HOLD
MAA,"Ticker
MAA   NaN
Name: 2026-09-29 00:00:00, dtype: float64","Ticker
    17.68
Name: 2026-09-29 00:00:00, dtype: float64",HOLD
MRNA,"Ticker
MRNA   NaN
Name: 2026-09-29 00:00:00, dtype: float64","Ticker
    88.7
Name: 2026-09-29 00:00:00, dtype: float64",HOLD
MDLZ,"Ticker
MDLZ   NaN
Name: 2026-09-29 00:00:00, dtype: float64","Ticker
    29.26
Name: 2026-09-29 00:00:00, dtype: float64",HOLD
MPWR,"Ticker
MPWR   NaN
Name: 2026-09-29 00:00:00, dtype: float64","Ticker
    65.06
Name: 2026-09-29 00:00:00, dtype: float64",HOLD
MNST,"Ticker
MNST   NaN
Name: 2026-09-29 00:00:00, dtype: float64","Ticker
    42.32
Name: 2026-09-29 00:00:00, dtype: float64",HOLD
MCO,"Ticker
MCO   NaN
Name: 2026-09-29 00:00:00, dtype: float64","Ticker
    38.86
Name: 2026-09-29 00:00:00, dtype: float64",HOLD
MS,"Ticker
MS   NaN
Name: 2026-09-29 00:00:00, dtype: float64","Ticker
    18.47
Name: 2026-09-29 00:00:00, dtype: float64",HOLD
MOS,"Ticker
MOS   NaN
Name: 2026-09-29 00:00:00, dtype: float64","Ticker
    23.59
Name: 2026-09-29 00:00:00, dtype: float64",HOLD
MSI,"Ticker
MSI   NaN
Name: 2026-09-29 00:00:00, dtype: float64","Ticker
    43.61
Name: 2026-09-29 00:00:00, dtype: float64",HOLD
MSCI,"Ticker
MSCI   NaN
Name: 2026-09-29 00:00:00, dtype: float64","Ticker
    42.32
Name: 2026-09-29 00:00:00, dtype: float64",HOLD
NDAQ,"Ticker
NDAQ   NaN
Name: 2026-09-29 00:00:00, dtype: float64","Ticker
    45.94
Name: 2026-09-29 00:00:00, dtype: float64",HOLD
NTAP,"Ticker
NTAP   NaN
Name: 2026-09-29 00:00:00, dtype: float64","Ticker
    68.07
Name: 2026-09-29 00:00:00, dtype: float64",HOLD
NFLX,"Ticker
NFLX   NaN
Name: 2026-09-29 00:00:00, dtype: float64","Ticker
    32.37
Name: 2026-09-29 00:00:00, dtype: float64",HOLD
NEM,"Ticker
NEM   NaN
Name: 2026-09-29 00:00:00, dtype: float64","Ticker
    29.03
Name: 2026-09-29 00:00:00, dtype: float64",HOLD
NWSA,"Ticker
NWSA   NaN
Name: 2026-09-29 00:00:00, dtype: float64","Ticker
    44.72
Name: 2026-09-29 00:00:00, dtype: float64",HOLD
NWS,"Ticker
NWS   NaN
Name: 2026-09-29 00:00:00, dtype: float64","Ticker
    42.42
Name: 2026-09-29 00:00:00, dtype: float64",HOLD
NEE,"Ticker
NEE   NaN
Name: 2026-09-29 00:00:00, dtype: float64","Ticker
    13.84
Name: 2026-09-29 00:00:00, dtype: float64",HOLD
NKE,"Ticker
NKE   NaN
Name: 2026-09-29 00:00:00, dtype: float64","Ticker
    41.18
Name: 2026-09-29 00:00:00, dtype: float64",HOLD
NI,"Ticker
NI   NaN
Name: 2026-09-29 00:00:00, dtype: float64","Ticker
    16.27
Name: 2026-09-29 00:00:00, dtype: float64",HOLD
NDSN,"Ticker
NDSN   NaN
Name: 2026-09-29 00:00:00, dtype: float64","Ticker
    71.53
Name: 2026-09-29 00:00:00, dtype: float64",HOLD
NSC,"Ticker
NSC   NaN
Name: 2026-09-29 00:00:00, dtype: float64","Ticker
    30.67
Name: 2026-09-29 00:00:00, dtype: float64",HOLD
NTRS,"Ticker
NTRS   NaN
Name: 2026-09-29 00:00:00, dtype: float64","Ticker
    32.16
Name: 2026-09-29 00:00:00, dtype: float64",HOLD
NOC,"Ticker
NOC   NaN
Name: 2026-09-29 00:00:00, dtype: float64","Ticker
    41.87
Name: 2026-09-29 00:00:00, dtype: float64",HOLD
NCLH,"Ticker
NCLH   NaN
Name: 2026-09-29 00:00:00, dtype: float64","Ticker
    39.77
Name: 2026-09-29 00:00:00, dtype: float64",HOLD
NRG,"Ticker
NRG   NaN
Name: 2026-09-29 00:00:00, dtype: float64","Ticker
    19.19
Name: 2026-09-29 00:00:00, dtype: float64",HOLD
NUE,"Ticker
NUE   NaN
Name: 2026-09-29 00:00:00, dtype: float64","Ticker
    37.46
Name: 2026-09-29 00:00:00, dtype: float64",HOLD
NVDA,"Ticker
NVDA   NaN
Name: 2026-09-29 00:00:00, dtype: float64","Ticker
    56.99
Name: 2026-09-29 00:00:00, dtype: float64",HOLD
NVR,"Ticker
NVR   NaN
Name: 2026-09-29 00:00:00, dtype: float64","Ticker
    54.22
Name: 2026-09-29 00:00:00, dtype: float64",HOLD
NXPI,"Ticker
NXPI   NaN
Name: 2026-09-29 00:00:00, dtype: float64","Ticker
    60.04
Name: 2026-09-29 00:00:00, dtype: float64",HOLD
ORLY,"Ticker
ORLY   NaN
Name: 2026-09-29 00:00:00, dtype: float64","Ticker
    51.67
Name: 2026-09-29 00:00:00, dtype: float64",HOLD
OXY,"Ticker
OXY   NaN
Name: 2026-09-29 00:00:00, dtype: float64","Ticker
    31.64
Name: 2026-09-29 00:00:00, dtype: float64",HOLD
ODFL,"Ticker
ODFL   NaN
Name: 2026-09-29 00:00:00, dtype: float64","Ticker
    40.66
Name: 2026-09-29 00:00:00, dtype: float64",HOLD
OMC,"Ticker
OMC   NaN
Name: 2026-09-29 00:00:00, dtype: float64","Ticker
    39.95
Name: 2026-09-29 00:00:00, dtype: float64",HOLD
ON,"Ticker
ON   NaN
Name: 2026-09-29 00:00:00, dtype: float64","Ticker
    56.98
Name: 2026-09-29 00:00:00, dtype: float64",HOLD
OKE,"Ticker
OKE   NaN
Name: 2026-09-29 00:00:00, dtype: float64","Ticker
    23.13
Name: 2026-09-29 00:00:00, dtype: float64",HOLD
ORCL,"Ticker
ORCL   NaN
Name: 2026-09-29 00:00:00, dtype: float64","Ticker
    22.45
Name: 2026-09-29 00:00:00, dtype: float64",HOLD
OTIS,"Ticker
OTIS   NaN
Name: 2026-09-29 00:00:00, dtype: float64","Ticker
    38.74
Name: 2026-09-29 00:00:00, dtype: float64",HOLD
PCAR,"Ticker
PCAR   NaN
Name: 2026-09-29 00:00:00, dtype: float64","Ticker
    13.85
Name: 2026-09-29 00:00:00, dtype: float64",HOLD
PKG,"Ticker
PKG   NaN
Name: 2026-09-29 00:00:00, dtype: float64","Ticker
    64.15
Name: 2026-09-29 00:00:00, dtype: float64",HOLD
PLTR,"Ticker
PLTR   NaN
Name: 2026-09-29 00:00:00, dtype: float64","Ticker
    74.25
Name: 2026-09-29 00:00:00, dtype: float64",HOLD
PANW,"Ticker
PANW   NaN
Name: 2026-09-29 00:00:00, dtype: float64","Ticker
    71.28
Name: 2026-09-29 00:00:00, dtype: float64",HOLD
PSKY,"Ticker
PSKY   NaN
Name: 2026-09-29 00:00:00, dtype: float64","Ticker
    51.62
Name: 2026-09-29 00:00:00, dtype: float64",HOLD
PH,"Ticker
PH   NaN
Name: 2026-09-29 00:00:00, dtype: float64","Ticker
    57.67
Name: 2026-09-29 00:00:00, dtype: float64",HOLD
PAYX,"Ticker
PAYX   NaN
Name: 2026-09-29 00:00:00, dtype: float64","Ticker
    16.37
Name: 2026-09-29 00:00:00, dtype: float64",HOLD
PYPL,"Ticker
PYPL   NaN
Name: 2026-09-29 00:00:00, dtype: float64","Ticker
    63.04
Name: 2026-09-29 00:00:00, dtype: float64",HOLD
PNR,"Ticker
PNR   NaN
Name: 2026-09-29 00:00:00, dtype: float64","Ticker
    17.7
Name: 2026-09-29 00:00:00, dtype: float64",HOLD
PEP,"Ticker
PEP   NaN
Name: 2026-09-29 00:00:00, dtype: float64","Ticker
    16.95
Name: 2026-09-29 00:00:00, dtype: float64",HOLD
PFE,"Ticker
PFE   NaN
Name: 2026-09-29 00:00:00, dtype: float64","Ticker
    77.33
Name: 2026-09-29 00:00:00, dtype: float64",HOLD
PCG,"Ticker
PCG   NaN
Name: 2026-09-29 00:00:00, dtype: float64","Ticker
    9.12
Name: 2026-09-29 00:00:00, dtype: float64",HOLD
PM,"Ticker
PM   NaN
Name: 2026-09-29 00:00:00, dtype: float64","Ticker
    66.2
Name: 2026-09-29 00:00:00, dtype: float64",HOLD
PSX,"Ticker
PSX   NaN
Name: 2026-09-29 00:00:00, dtype: float64","Ticker
    41.79
Name: 2026-09-29 00:00:00, dtype: float64",HOLD
PNW,"Ticker
PNW   NaN
Name: 2026-09-29 00:00:00, dtype: float64","Ticker
    15.77
Name: 2026-09-29 00:00:00, dtype: float64",HOLD
PNC,"Ticker
PNC   NaN
Name: 2026-09-29 00:00:00, dtype: float64","Ticker
    23.6
Name: 2026-09-29 00:00:00, dtype: float64",HOLD
PPG,"Ticker
PPG   NaN
Name: 2026-09-29 00:00:00, dtype: float64","Ticker
    49.32
Name: 2026-09-29 00:00:00, dtype: float64",HOLD
PPL,"Ticker
PPL   NaN
Name: 2026-09-29 00:00:00, dtype: float64","Ticker
    16.06
Name: 2026-09-29 00:00:00, dtype: float64",HOLD
PFG,"Ticker
PFG   NaN
Name: 2026-09-29 00:00:00, dtype: float64","Ticker
    52.23
Name: 2026-09-29 00:00:00, dtype: float64",HOLD
PG,"Ticker
PG   NaN
Name: 2026-09-29 00:00:00, dtype: float64","Ticker
    72.17
Name: 2026-09-29 00:00:00, dtype: float64",HOLD
PGR,"Ticker
PGR   NaN
Name: 2026-09-29 00:00:00, dtype: float64","Ticker
    40.65
Name: 2026-09-29 00:00:00, dtype: float64",HOLD
PLD,"Ticker
PLD   NaN
Name: 2026-09-29 00:00:00, dtype: float64","Ticker
    40.27
Name: 2026-09-29 00:00:00, dtype: float64",HOLD
PRU,"Ticker
PRU   NaN
Name: 2026-09-29 00:00:00, dtype: float64","Ticker
    43.76
Name: 2026-09-29 00:00:00, dtype: float64",HOLD
PEG,"Ticker
PEG   NaN
Name: 2026-09-29 00:00:00, dtype: float64","Ticker
    13.17
Name: 2026-09-29 00:00:00, dtype: float64",HOLD
PTC,"Ticker
PTC   NaN
Name: 2026-09-29 00:00:00, dtype: float64","Ticker
    68.42
Name: 2026-09-29 00:00:00, dtype: float64",HOLD
PSA,"Ticker
PSA   NaN
Name: 2026-09-29 00:00:00, dtype: float64","Ticker
    41.22
Name: 2026-09-29 00:00:00, dtype: float64",HOLD
PHM,"Ticker
PHM   NaN
Name: 2026-09-29 00:00:00, dtype: float64","Ticker
    51.04
Name: 2026-09-29 00:00:00, dtype: float64",HOLD
PWR,"Ticker
PWR   NaN
Name: 2026-09-29 00:00:00, dtype: float64","Ticker
    56.26
Name: 2026-09-29 00:00:00, dtype: float64",HOLD
QCOM,"Ticker
QCOM   NaN
Name: 2026-09-29 00:00:00, dtype: float64","Ticker
    56.96
Name: 2026-09-29 00:00:00, dtype: float64",HOLD
DGX,"Ticker
DGX   NaN
Name: 2026-09-29 00:00:00, dtype: float64","Ticker
    52.68
Name: 2026-09-29 00:00:00, dtype: float64",HOLD
Q,"Ticker
Q   NaN
Name: 2026-09-29 00:00:00, dtype: float64","Ticker
    49.14
Name: 2026-09-29 00:00:00, dtype: float64",HOLD
RL,"Ticker
RL   NaN
Name: 2026-09-29 00:00:00, dtype: float64","Ticker
    67.99
Name: 2026-09-29 00:00:00, dtype: float64",HOLD
RJF,"Ticker
RJF   NaN
Name: 2026-09-29 00:00:00, dtype: float64","Ticker
    18.9
Name: 2026-09-29 00:00:00, dtype: float64",HOLD
RDDT,"Ticker
RDDT   NaN
Name: 2026-09-29 00:00:00, dtype: float64","Ticker
    46.8
Name: 2026-09-29 00:00:00, dtype: float64",HOLD
RTX,"Ticker
RTX   NaN
Name: 2026-09-29 00:00:00, dtype: float64","Ticker
    24.76
Name: 2026-09-29 00:00:00, dtype: float64",HOLD
O,"Ticker
O   NaN
Name: 2026-09-29 00:00:00, dtype: float64","Ticker
    5.6
Name: 2026-09-29 00:00:00, dtype: float64",HOLD
REG,"Ticker
REG   NaN
Name: 2026-09-29 00:00:00, dtype: float64","Ticker
    33.51
Name: 2026-09-29 00:00:00, dtype: float64",HOLD
REGN,"Ticker
REGN   NaN
Name: 2026-09-29 00:00:00, dtype: float64","Ticker
    31.37
Name: 2026-09-29 00:00:00, dtype: float64",HOLD
RF,"Ticker
RF   NaN
Name: 2026-09-29 00:00:00, dtype: float64","Ticker
    17.04
Name: 2026-09-29 00:00:00, dtype: float64",HOLD
RSG,"Ticker
RSG   NaN
Name: 2026-09-29 00:00:00, dtype: float64","Ticker
    27.0
Name: 2026-09-29 00:00:00, dtype: float64",HOLD
RMD,"Ticker
RMD   NaN
Name: 2026-09-29 00:00:00, dtype: float64","Ticker
    54.97
Name: 2026-09-29 00:00:00, dtype: float64",HOLD
RVTY,"Ticker
RVTY   NaN
Name: 2026-09-29 00:00:00, dtype: float64","Ticker
    81.82
Name: 2026-09-29 00:00:00, dtype: float64",HOLD
HOOD,"Ticker
HOOD   NaN
Name: 2026-09-29 00:00:00, dtype: float64","Ticker
    51.4
Name: 2026-09-29 00:00:00, dtype: float64",HOLD
ROK,"Ticker
ROK   NaN
Name: 2026-09-29 00:00:00, dtype: float64","Ticker
    54.5
Name: 2026-09-29 00:00:00, dtype: float64",HOLD
ROL,"Ticker
ROL   NaN
Name: 2026-09-29 00:00:00, dtype: float64","Ticker
    24.12
Name: 2026-09-29 00:00:00, dtype: float64",HOLD
ROP,"Ticker
ROP   NaN
Name: 2026-09-29 00:00:00, dtype: float64","Ticker
    16.06
Name: 2026-09-29 00:00:00, dtype: float64",HOLD
ROST,"Ticker
ROST   NaN
Name: 2026-09-29 00:00:00, dtype: float64","Ticker
    70.07
Name: 2026-09-29 00:00:00, dtype: float64",HOLD
RCL,"Ticker
RCL   NaN
Name: 2026-09-29 00:00:00, dtype: float64","Ticker
    37.13
Name: 2026-09-29 00:00:00, dtype: float64",HOLD
SPGI,"Ticker
SPGI   NaN
Name: 2026-09-29 00:00:00, dtype: float64","Ticker
    27.25
Name: 2026-09-29 00:00:00, dtype: float64",HOLD
CRM,"Ticker
CRM   NaN
Name: 2026-09-29 00:00:00, dtype: float64","Ticker
    36.08
Name: 2026-09-29 00:00:00, dtype: float64",HOLD
SNDK,"Ticker
SNDK   NaN
Name: 2026-09-29 00:00:00, dtype: float64","Ticker
    47.1
Name: 2026-09-29 00:00:00, dtype: float64",HOLD
SBAC,"Ticker
SBAC   NaN
Name: 2026-09-29 00:00:00, dtype: float64","Ticker
    15.55
Name: 2026-09-29 00:00:00, dtype: float64",HOLD
SLB,"Ticker
SLB   NaN
Name: 2026-09-29 00:00:00, dtype: float64","Ticker
    21.16
Name: 2026-09-29 00:00:00, dtype: float64",HOLD
STX,"Ticker
STX   NaN
Name: 2026-09-29 00:00:00, dtype: float64","Ticker
    56.08
Name: 2026-09-29 00:00:00, dtype: float64",HOLD
SRE,"Ticker
SRE   NaN
Name: 2026-09-29 00:00:00, dtype: float64","Ticker
    11.93
Name: 2026-09-29 00:00:00, dtype: float64",HOLD
NOW,"Ticker
NOW   NaN
Name: 2026-09-29 00:00:00, dtype: float64","Ticker
    50.5
Name: 2026-09-29 00:00:00, dtype: float64",HOLD
SHW,"Ticker
SHW   NaN
Name: 2026-09-29 00:00:00, dtype: float64","Ticker
    64.47
Name: 2026-09-29 00:00:00, dtype: float64",HOLD
SPG,"Ticker
SPG   NaN
Name: 2026-09-29 00:00:00, dtype: float64","Ticker
    50.0
Name: 2026-09-29 00:00:00, dtype: float64",HOLD
SWKS,"Ticker
SWKS   NaN
Name: 2026-09-29 00:00:00, dtype: float64","Ticker
    60.23
Name: 2026-09-29 00:00:00, dtype: float64",HOLD
SJM,"Ticker
SJM   NaN
Name: 2026-09-29 00:00:00, dtype: float64","Ticker
    39.77
Name: 2026-09-29 00:00:00, dtype: float64",HOLD
SW,"Ticker
SW   NaN
Name: 2026-09-29 00:00:00, dtype: float64","Ticker
    66.11
Name: 2026-09-29 00:00:00, dtype: float64",HOLD
SNA,"Ticker
SNA   NaN
Name: 2026-09-29 00:00:00, dtype: float64","Ticker
    31.57
Name: 2026-09-29 00:00:00, dtype: float64",HOLD
SOLV,"Ticker
SOLV   NaN
Name: 2026-09-29 00:00:00, dtype: float64","Ticker
    47.7
Name: 2026-09-29 00:00:00, dtype: float64",HOLD
SO,"Ticker
SO   NaN
Name: 2026-09-29 00:00:00, dtype: float64","Ticker
    10.64
Name: 2026-09-29 00:00:00, dtype: float64",HOLD
LUV,"Ticker
LUV   NaN
Name: 2026-09-29 00:00:00, dtype: float64","Ticker
    74.93
Name: 2026-09-29 00:00:00, dtype: float64",HOLD
SWK,"Ticker
SWK   NaN
Name: 2026-09-29 00:00:00, dtype: float64","Ticker
    39.71
Name: 2026-09-29 00:00:00, dtype: float64",HOLD
SBUX,"Ticker
SBUX   NaN
Name: 2026-09-29 00:00:00, dtype: float64","Ticker
    27.52
Name: 2026-09-29 00:00:00, dtype: float64",HOLD
STT,"Ticker
STT   NaN
Name: 2026-09-29 00:00:00, dtype: float64","Ticker
    23.03
Name: 2026-09-29 00:00:00, dtype: float64",HOLD
STLD,"Ticker
STLD   NaN
Name: 2026-09-29 00:00:00, dtype: float64","Ticker
    39.65
Name: 2026-09-29 00:00:00, dtype: float64",HOLD
STE,"Ticker
STE   NaN
Name: 2026-09-29 00:00:00, dtype: float64","Ticker
    41.56
Name: 2026-09-29 00:00:00, dtype: float64",HOLD
SYK,"Ticker
SYK   NaN
Name: 2026-09-29 00:00:00, dtype: float64","Ticker
    49.91
Name: 2026-09-29 00:00:00, dtype: float64",HOLD
SMCI,"Ticker
SMCI   NaN
Name: 2026-09-29 00:00:00, dtype: float64","Ticker
    56.93
Name: 2026-09-29 00:00:00, dtype: float64",HOLD
SYF,"Ticker
SYF   NaN
Name: 2026-09-29 00:00:00, dtype: float64","Ticker
    27.73
Name: 2026-09-29 00:00:00, dtype: float64",HOLD
SNPS,"Ticker
SNPS   NaN
Name: 2026-09-29 00:00:00, dtype: float64","Ticker
    62.19
Name: 2026-09-29 00:00:00, dtype: float64",HOLD
SYY,"Ticker
SYY   NaN
Name: 2026-09-29 00:00:00, dtype: float64","Ticker
    36.46
Name: 2026-09-29 00:00:00, dtype: float64",HOLD
TMUS,"Ticker
TMUS   NaN
Name: 2026-09-29 00:00:00, dtype: float64","Ticker
    34.23
Name: 2026-09-29 00:00:00, dtype: float64",HOLD
TROW,"Ticker
TROW   NaN
Name: 2026-09-29 00:00:00, dtype: float64","Ticker
    37.41
Name: 2026-09-29 00:00:00, dtype: float64",HOLD
TTWO,"Ticker
TTWO   NaN
Name: 2026-09-29 00:00:00, dtype: float64","Ticker
    40.78
Name: 2026-09-29 00:00:00, dtype: float64",HOLD
TPR,"Ticker
TPR   NaN
Name: 2026-09-29 00:00:00, dtype: float64","Ticker
    49.29
Name: 2026-09-29 00:00:00, dtype: float64",HOLD
TRGP,"Ticker
TRGP   NaN
Name: 2026-09-29 00:00:00, dtype: float64","Ticker
    28.1
Name: 2026-09-29 00:00:00, dtype: float64",HOLD
TGT,"Ticker
TGT   NaN
Name: 2026-09-29 00:00:00, dtype: float64","Ticker
    51.97
Name: 2026-09-29 00:00:00, dtype: float64",HOLD
TEL,"Ticker
TEL   NaN
Name: 2026-09-29 00:00:00, dtype: float64","Ticker
    61.73
Name: 2026-09-29 00:00:00, dtype: float64",HOLD
TDY,"Ticker
TDY   NaN
Name: 2026-09-29 00:00:00, dtype: float64","Ticker
    64.54
Name: 2026-09-29 00:00:00, dtype: float64",HOLD
TER,"Ticker
TER   NaN
Name: 2026-09-29 00:00:00, dtype: float64","Ticker
    55.25
Name: 2026-09-29 00:00:00, dtype: float64",HOLD
TSLA,"Ticker
TSLA   NaN
Name: 2026-09-29 00:00:00, dtype: float64","Ticker
    42.04
Name: 2026-09-29 00:00:00, dtype: float64",HOLD
TXN,"Ticker
TXN   NaN
Name: 2026-09-29 00:00:00, dtype: float64","Ticker
    67.66
Name: 2026-09-29 00:00:00, dtype: float64",HOLD
TPL,"Ticker
TPL   NaN
Name: 2026-09-29 00:00:00, dtype: float64","Ticker
    32.82
Name: 2026-09-29 00:00:00, dtype: float64",HOLD
TXT,"Ticker
TXT   NaN
Name: 2026-09-29 00:00:00, dtype: float64","Ticker
    36.87
Name: 2026-09-29 00:00:00, dtype: float64",HOLD
TMO,"Ticker
TMO   NaN
Name: 2026-09-29 00:00:00, dtype: float64","Ticker
    86.91
Name: 2026-09-29 00:00:00, dtype: float64",HOLD
TJX,"Ticker
TJX   NaN
Name: 2026-09-29 00:00:00, dtype: float64","Ticker
    63.98
Name: 2026-09-29 00:00:00, dtype: float64",HOLD
TKO,"Ticker
TKO   NaN
Name: 2026-09-29 00:00:00, dtype: float64","Ticker
    32.96
Name: 2026-09-29 00:00:00, dtype: float64",HOLD
TSCO,"Ticker
TSCO   NaN
Name: 2026-09-29 00:00:00, dtype: float64","Ticker
    35.31
Name: 2026-09-29 00:00:00, dtype: float64",HOLD
TT,"Ticker
TT   NaN
Name: 2026-09-29 00:00:00, dtype: float64","Ticker
    56.12
Name: 2026-09-29 00:00:00, dtype: float64",HOLD
TDG,"Ticker
TDG   NaN
Name: 2026-09-29 00:00:00, dtype: float64","Ticker
    44.14
Name: 2026-09-29 00:00:00, dtype: float64",HOLD
TRV,"Ticker
TRV   NaN
Name: 2026-09-29 00:00:00, dtype: float64","Ticker
    46.6
Name: 2026-09-29 00:00:00, dtype: float64",HOLD
TRMB,"Ticker
TRMB   NaN
Name: 2026-09-29 00:00:00, dtype: float64","Ticker
    50.68
Name: 2026-09-29 00:00:00, dtype: float64",HOLD
TFC,"Ticker
TFC   NaN
Name: 2026-09-29 00:00:00, dtype: float64","Ticker
    27.23
Name: 2026-09-29 00:00:00, dtype: float64",HOLD
TYL,"Ticker
TYL   NaN
Name: 2026-09-29 00:00:00, dtype: float64","Ticker
    36.62
Name: 2026-09-29 00:00:00, dtype: float64",HOLD
TSN,"Ticker
TSN   NaN
Name: 2026-09-29 00:00:00, dtype: float64","Ticker
    42.08
Name: 2026-09-29 00:00:00, dtype: float64",HOLD
USB,"Ticker
USB   NaN
Name: 2026-09-29 00:00:00, dtype: float64","Ticker
    30.3
Name: 2026-09-29 00:00:00, dtype: float64",HOLD
UBER,"Ticker
UBER   NaN
Name: 2026-09-29 00:00:00, dtype: float64","Ticker
    34.27
Name: 2026-09-29 00:00:00, dtype: float64",HOLD
UDR,"Ticker
UDR   NaN
Name: 2026-09-29 00:00:00, dtype: float64","Ticker
    25.62
Name: 2026-09-29 00:00:00, dtype: float64",HOLD
ULTA,"Ticker
ULTA   NaN
Name: 2026-09-29 00:00:00, dtype: float64","Ticker
    53.76
Name: 2026-09-29 00:00:00, dtype: float64",HOLD
UNP,"Ticker
UNP   NaN
Name: 2026-09-29 00:00:00, dtype: float64","Ticker
    32.04
Name: 2026-09-29 00:00:00, dtype: float64",HOLD
UAL,"Ticker
UAL   NaN
Name: 2026-09-29 00:00:00, dtype: float64","Ticker
    58.24
Name: 2026-09-29 00:00:00, dtype: float64",HOLD
UPS,"Ticker
UPS   NaN
Name: 2026-09-29 00:00:00, dtype: float64","Ticker
    38.1
Name: 2026-09-29 00:00:00, dtype: float64",HOLD
URI,"Ticker
URI   NaN
Name: 2026-09-29 00:00:00, dtype: float64","Ticker
    54.72
Name: 2026-09-29 00:00:00, dtype: float64",HOLD
UNH,"Ticker
UNH   NaN
Name: 2026-09-29 00:00:00, dtype: float64","Ticker
    35.48
Name: 2026-09-29 00:00:00, dtype: float64",HOLD
UHS,"Ticker
UHS   NaN
Name: 2026-09-29 00:00:00, dtype: float64","Ticker
    52.4
Name: 2026-09-29 00:00:00, dtype: float64",HOLD
VLO,"Ticker
VLO   NaN
Name: 2026-09-29 00:00:00, dtype: float64","Ticker
    50.32
Name: 2026-09-29 00:00:00, dtype: float64",HOLD
VEEV,"Ticker
VEEV   NaN
Name: 2026-09-29 00:00:00, dtype: float64","Ticker
    78.0
Name: 2026-09-29 00:00:00, dtype: float64",HOLD
VTR,"Ticker
VTR   NaN
Name: 2026-09-29 00:00:00, dtype: float64","Ticker
    31.78
Name: 2026-09-29 00:00:00, dtype: float64",HOLD
VLTO,"Ticker
VLTO   NaN
Name: 2026-09-29 00:00:00, dtype: float64","Ticker
    57.36
Name: 2026-09-29 00:00:00, dtype: float64",HOLD
VRSN,"Ticker
VRSN   NaN
Name: 2026-09-29 00:00:00, dtype: float64","Ticker
    45.13
Name: 2026-09-29 00:00:00, dtype: float64",HOLD
VRSK,"Ticker
VRSK   NaN
Name: 2026-09-29 00:00:00, dtype: float64","Ticker
    36.65
Name: 2026-09-29 00:00:00, dtype: float64",HOLD
VZ,"Ticker
VZ   NaN
Name: 2026-09-29 00:00:00, dtype: float64","Ticker
    31.39
Name: 2026-09-29 00:00:00, dtype: float64",HOLD
VRTX,"Ticker
VRTX   NaN
Name: 2026-09-29 00:00:00, dtype: float64","Ticker
    56.8
Name: 2026-09-29 00:00:00, dtype: float64",HOLD
VRT,"Ticker
VRT   NaN
Name: 2026-09-29 00:00:00, dtype: float64","Ticker
    39.6
Name: 2026-09-29 00:00:00, dtype: float64",HOLD
VTRS,"Ticker
VTRS   NaN
Name: 2026-09-29 00:00:00, dtype: float64","Ticker
    85.26
Name: 2026-09-29 00:00:00, dtype: float64",HOLD
VICI,"Ticker
VICI   NaN
Name: 2026-09-29 00:00:00, dtype: float64","Ticker
    27.08
Name: 2026-09-29 00:00:00, dtype: float64",HOLD
V,"Ticker
V   NaN
Name: 2026-09-29 00:00:00, dtype: float64","Ticker
    50.52
Name: 2026-09-29 00:00:00, dtype: float64",HOLD
VST,"Ticker
VST   NaN
Name: 2026-09-29 00:00:00, dtype: float64","Ticker
    24.47
Name: 2026-09-29 00:00:00, dtype: float64",HOLD
VMRK,"Ticker
VMRK   NaN
Name: 2026-09-29 00:00:00, dtype: float64","Ticker
    31.02
Name: 2026-09-29 00:00:00, dtype: float64",HOLD
VMC,"Ticker
VMC   NaN
Name: 2026-09-29 00:00:00, dtype: float64","Ticker
    44.3
Name: 2026-09-29 00:00:00, dtype: float64",HOLD
WRB,"Ticker
WRB   NaN
Name: 2026-09-29 00:00:00, dtype: float64","Ticker
    35.0
Name: 2026-09-29 00:00:00, dtype: float64",HOLD
GWW,"Ticker
GWW   NaN
Name: 2026-09-29 00:00:00, dtype: float64","Ticker
    40.83
Name: 2026-09-29 00:00:00, dtype: float64",HOLD
WAB,"Ticker
WAB   NaN
Name: 2026-09-29 00:00:00, dtype: float64","Ticker
    67.28
Name: 2026-09-29 00:00:00, dtype: float64",HOLD
WMT,"Ticker
WMT   NaN
Name: 2026-09-29 00:00:00, dtype: float64","Ticker
    60.6
Name: 2026-09-29 00:00:00, dtype: float64",HOLD
DIS,"Ticker
DIS   NaN
Name: 2026-09-29 00:00:00, dtype: float64","Ticker
    54.13
Name: 2026-09-29 00:00:00, dtype: float64",HOLD
WBD,"Ticker
WBD   NaN
Name: 2026-09-29 00:00:00, dtype: float64","Ticker
    83.45
Name: 2026-09-29 00:00:00, dtype: float64",HOLD
WM,"Ticker
WM   NaN
Name: 2026-09-29 00:00:00, dtype: float64","Ticker
    27.55
Name: 2026-09-29 00:00:00, dtype: float64",HOLD
WAT,"Ticker
WAT   NaN
Name: 2026-09-29 00:00:00, dtype: float64","Ticker
    76.86
Name: 2026-09-29 00:00:00, dtype: float64",HOLD
WEC,"Ticker
WEC   NaN
Name: 2026-09-29 00:00:00, dtype: float64","Ticker
    24.23
Name: 2026-09-29 00:00:00, dtype: float64",HOLD
WFC,"Ticker
WFC   NaN
Name: 2026-09-29 00:00:00, dtype: float64","Ticker
    21.49
Name: 2026-09-29 00:00:00, dtype: float64",HOLD
WELL,"Ticker
WELL   NaN
Name: 2026-09-29 00:00:00, dtype: float64","Ticker
    44.09
Name: 2026-09-29 00:00:00, dtype: float64",HOLD
WST,"Ticker
WST   NaN
Name: 2026-09-29 00:00:00, dtype: float64","Ticker
    79.69
Name: 2026-09-29 00:00:00, dtype: float64",HOLD
WDC,"Ticker
WDC   NaN
Name: 2026-09-29 00:00:00, dtype: float64","Ticker
    41.22
Name: 2026-09-29 00:00:00, dtype: float64",HOLD
WY,"Ticker
WY   NaN
Name: 2026-09-29 00:00:00, dtype: float64","Ticker
    18.32
Name: 2026-09-29 00:00:00, dtype: float64",HOLD
WSM,"Ticker
WSM   NaN
Name: 2026-09-29 00:00:00, dtype: float64","Ticker
    53.9
Name: 2026-09-29 00:00:00, dtype: float64",HOLD
WMB,"Ticker
WMB   NaN
Name: 2026-09-29 00:00:00, dtype: float64","Ticker
    19.73
Name: 2026-09-29 00:00:00, dtype: float64",HOLD
WTW,"Ticker
WTW   NaN
Name: 2026-09-29 00:00:00, dtype: float64","Ticker
    24.46
Name: 2026-09-29 00:00:00, dtype: float64",HOLD
WDAY,"Ticker
WDAY   NaN
Name: 2026-09-29 00:00:00, dtype: float64","Ticker
    52.71
Name: 2026-09-29 00:00:00, dtype: float64",HOLD
WYNN,"Ticker
WYNN   NaN
Name: 2026-09-29 00:00:00, dtype: float64","Ticker
    17.57
Name: 2026-09-29 00:00:00, dtype: float64",HOLD
XEL,"Ticker
XEL   NaN
Name: 2026-09-29 00:00:00, dtype: float64","Ticker
    17.59
Name: 2026-09-29 00:00:00, dtype: float64",HOLD
XYL,"Ticker
XYL   NaN
Name: 2026-09-29 00:00:00, dtype: float64","Ticker
    22.17
Name: 2026-09-29 00:00:00, dtype: float64",HOLD
YUM,"Ticker
YUM   NaN
Name: 2026-09-29 00:00:00, dtype: float64","Ticker
    38.59
Name: 2026-09-29 00:00:00, dtype: float64",HOLD
ZBRA,"Ticker
ZBRA   NaN
Name: 2026-09-29 00:00:00, dtype: float64","Ticker
    71.08
Name: 2026-09-29 00:00:00, dtype: float64",HOLD
ZBH,"Ticker
ZBH   NaN
Name: 2026-09-29 00:00:00, dtype: float64","Ticker
    42.88
Name: 2026-09-29 00:00:00, dtype: float64",HOLD
ZTS,"Ticker
ZTS   NaN
Name: 2026-09-29 00:00:00, dtype: float64","Ticker
    39.46
Name: 2026-09-29 00:00:00, dtype: float64",HOLD
